Model,AIC,BIC
1,773.7644457305346,798.8508332269366
2,897.3001374614544,912.9791296467057
3,916.433492357216,928.976686105417
4,895.5584331010189,908.1016268492199
5,894.6857633439582,904.093158655109
6,893.00927260197,905.552466350171
